{
    "id": "c18196d0-d3ed-11e8-ada4-43a6658503da",
    "name": "k3sCI",
    "friendlyName": "k3s CI",
    "description": "k3s CI",
    "author": "Aaron Hogue",
    "helpMarkDown": "Enable k3s cross-platform CI.",
    "category": "Utility",
    "visibility": [
      "Build",
      "Release"
    ],
    "runsOn": [
      "Agent",
      "DeploymentGroup"
    ],
    "demands": [
      "node.js"
    ],
    "version": {
      "Major": "1",
      "Minor": "0",
      "Patch": "8"
    },
    "minimumAgentVersion": "2.115.0",
    "instanceNameFormat": "k3s CI",
    "inputs": [
      {
        "name": "k3scommands",
        "type": "multiline",
        "label": "k3s command list",
        "defaultValue": "echo \"asdf\"",
        "required": true,
        "helpMarkDown": "k3s shell commands to run. [k3 CI Reference](https://github.com/KnicKnic/temp-kubernetes-ci)"
      },
      {
        "name": "cwd",
        "type": "filePath",
        "label": "Working Directory",
        "defaultValue": "",
        "required": false,
        "helpMarkDown": "Location of your working path for the commands. Defaults to the root of the repository."
      }
    ],
    "execution": {
      "Node": {
        "target": "execute-k3s-commands.js",
        "argumentFormat": ""
      }
    }
  }